ID,smiles,activity,energy,homo,lumo,HLgap,charge_ave,charge_var,dipole,mass,vol,dens
47,CCOP(=S)(CC)Sc1ccccc1,1,0.94833401,0.404413777,0.313343733,0.297571338,0.333333333,0.057228819,0.037083355,0.272867395,0.286944724,0.130293451
131,CCCC1COC(Cn2cncn2)(c2ccc(Cl)cc2Cl)O1,1,0.94098097,0.295933682,0.286802092,0.39364031,0.333333333,0.025743995,0.051104106,0.392917618,0.393487921,0.150602253
139,Clc1ccc(C(Cn2ccnc2)OCc2c(Cl)cccc2Cl)c(Cl)c1,1,0.909633379,0.325660206,0.286534929,0.357899901,0.333333333,0.019792419,0.07831381,0.485022512,0.455845562,0.176554319
159,COc1ccc2sc(C(=O)Nc3nnn[n-]3)c(OC(C)C)c2c1,1,0.954122565,0.49190291,0.352645638,0.242436947,0.315315315,0.047079943,0.387990813,0.381564276,0.380804799,0.151562207
172,CN(C)C(=O)Nc1ccc(Oc2ccc(Cl)cc2)cc1,1,0.958888906,0.349432666,0.314727898,0.364786812,0.333333333,0.037425785,0.076846395,0.328512142,0.34925258,0.128243286
214,O=C(c1ccccc1)c1cc(Cl)ccc1O,1,0.965418997,0.335103639,0.266412888,0.321527446,0.333333333,0.028271781,0.033481844,0.255181779,0.255678777,0.145644278
223,O=P(OC(CCl)CCl)(OC(CCl)CCl)OC(CCl)CCl,1,0.873643741,0.288136915,0.353885729,0.486688026,0.333333333,0.138225267,0.100256196,0.502577771,0.428450518,0.216657862
244,CCOP(=S)(NC(C)C)Oc1ccccc1C(=O)OC(C)C,1,0.945719236,0.390288458,0.295260011,0.291816336,0.333333333,0.088604862,0.03501486,0.398029103,0.437337416,0.118397244
396,CCOc1ccc(N)cc1,1,0.988632133,0.364931483,0.336167039,0.373095459,0.333333333,0.032279742,0.029308941,0.135250981,0.165316207,0.08134528
425,CO[C@H]1[C@H]([C@@]2(C)O[C@@H]2CC=C(C)C)[C@]2(CC[C@H]1OC(=O)/C=C/C=C/C=C/C=C/C(=O)O)CO2,1,0.950821054,0.338024093,0.260608811,0.310801925,0.333333333,0.028672911,0.061145368,0.540910314,0.631716515,0.099235537
555,CCCCCCCCCCCCCCCC[n+]1ccccc1,1,0.97358519,0.187167661,0.11388265,0.307281497,0.344444444,0.01288868,0.459635368,0.346472031,0.489289671,0.042398001
580,COc1ccc(C(Cl)=C(c2ccc(OC)cc2)c2ccc(OC)cc2)cc1,1,0.949432752,0.36250016,0.291572413,0.32031021,0.333333333,0.016034823,0.067028905,0.442241674,0.482668061,0.121218831
587,CCCCC1(COC(=O)CCC(=O)O)C(=O)N(c2ccccc2)N(c2ccccc2)C1=O,1,0.952426889,0.347195492,0.32433553,0.379447633,0.333333333,0.036871393,0.019830872,0.515582225,0.566994013,0.119334345
590,CN(C)c1ccc2nc3ccc(N(C)C)cc3[s+]c2c1,1,0.962975951,0.275449248,0.099479282,0.184146446,0.350877193,0.025546754,0.021417549,0.320983629,0.356645881,0.113517016
777,Nc1c2ccccc2nc2ccccc12,1,0.982786791,0.37677751,0.260167633,0.264092439,0.333333333,0.028099524,0.044159457,0.207251534,0.225308988,0.117172935
833,CCCCOC(=O)[C@@H](C)Oc1ccc(Oc2ccc(C(F)(F)F)cn2)cc1,1,0.955863893,0.337940883,0.299424307,0.359366335,0.333333333,0.036880287,0.045943797,0.446052023,0.460388584,0.140802259
851,CCOC(=O)[C@]1(c2ccccc2)Oc2ccccc2[C@@H]1N,1,0.971487238,0.342966111,0.327075637,0.387906504,0.333333333,0.031758256,0.035337583,0.319718826,0.35154276,0.116897743
856,CCN(CC)CCOc1ccc(C(=C(Cl)c2ccccc2)c2ccccc2)cc1,1,0.948646753,0.352919982,0.288612884,0.32802573,0.333333333,0.013330627,0.060459323,0.473906599,0.551547739,0.100029218
905,CC(C)(C)c1ccc(O)c(O)c1,1,0.985234484,0.356852717,0.337868309,0.384842177,0.333333333,0.029883926,0.039839671,0.171901973,0.210198773,0.082026801
951,Clc1ccc(CCC(Cn2ccnc2)Sc2c(Cl)cccc2Cl)cc1,1,0.91301019,0.327716332,0.284382402,0.352763219,0.333333333,0.018663001,0.069939736,0.480010013,0.474341262,0.157301727
1269,CC(C)C(=O)Nc1ccc([N+](=O)[O-])c(C(F)(F)F)c1,1,0.967276801,0.325127238,0.256108933,0.3205446,0.333333333,0.050154253,0.107733334,0.310815231,0.294300686,0.168118761
1270,FC(F)C(F)(F)OCC(Cn1cncn1)c1ccc(Cl)cc1Cl,1,0.932547804,0.29283346,0.283706491,0.393467751,0.333333333,0.033196425,0.056407127,0.430751474,0.378527065,0.201700083
1326,CC1(COc2ccc(CC3SC(=O)NC3=O)cc2)CCCCC1,1,0.956228695,0.34602088,0.33000791,0.38792927,0.333333333,0.03041676,0.0257694,0.382900863,0.428475412,0.112119889
1382,CCn1c2ccccc2c2cc(N)ccc21,1,0.981388562,0.381167604,0.302272036,0.311435315,0.333333333,0.025660506,0.028768037,0.227501634,0.262648893,0.099655187
1392,O=C(O)CCCCCCNC1c2ccccc2CCc2ccccc21,1,0.967303681,0.337152333,0.327553173,0.395427465,0.333333333,0.022051562,0.023891571,0.388034743,0.464159914,0.090747441
1487,C1CNCCN1,1,0.994616626,0.311420663,0.547647036,0.70088682,0.333333333,0.032519137,0.012040004,0.070830234,0.093673375,0.062094248
2755,O=C(CCCN1CCC(n2c(=S)[nH]c3ccccc32)CC1)c1ccc(F)cc1,1,0.948919681,0.396780949,0.292017798,0.280034976,0.333333333,0.023924626,0.049589895,0.463771595,0.501225994,0.124839182
2763,CC(C)(C)c1cc(O)ccc1O,1,0.985234574,0.360428727,0.331892587,0.373121516,0.333333333,0.029536577,0.005453699,0.171901973,0.207958378,0.08496609
2808,Cc1oc(C)c(C(=O)Nc2ccccc2)c1C,1,0.978067208,0.348307804,0.319190345,0.37169846,0.333333333,0.03475472,0.035397964,0.251494831,0.288027582,0.102617475
2873,CCc1cccc(C)c1N(C(=O)CCl)C(C)COC,1,0.960632807,0.312444031,0.31691689,0.411576624,0.333333333,0.026069025,0.065405958,0.319735327,0.372005028,0.098829759
2880,COC(=O)N(C(=O)N1CO[C@@]2(C(=O)OC)Cc3cc(Cl)ccc3C2=N1)c1ccc(OC(F)(F)F)cc1,1,0.924443043,0.335420457,0.27082384,0.326657634,0.333333333,0.056833604,0.045519131,0.627866587,0.580834671,0.18544806
2911,CC(C)C[C@H](NC(=O)[C@H](Cc1ccccc1)NC(=O)c1cnccn1)B(O)O,1,0.959573026,0.323649871,0.272316901,0.342541653,0.333333333,0.053392713,0.033507943,0.447394058,0.512141692,0.105275146
2912,CCN(CC)C(=O)C(C)Oc1cccc2ccccc12,1,0.974000138,0.365688941,0.301106065,0.328415884,0.333333333,0.023618548,0.048513163,0.304606865,0.365420758,0.0892336
2956,Oc1c(Cl)c(Cl)cc(Cl)c1Cl,1,0.929431714,0.291725516,0.264371331,0.370645389,0.333333333,0.028786792,0.019858771,0.252474661,0.188130889,0.255014321
2987,C[Si](Cn1cncn1)(c1ccc(F)cc1)c1ccc(F)cc1,1,0.959921725,0.325350102,0.320491782,0.400668026,0.333333333,0.073953914,0.039808569,0.360114041,0.379273863,0.132132758
3001,C[C@]12CC[C@H]3[C@@H](C=CC4=CC(=O)CC[C@@]43C)[C@@H]1CC[C@@]21CCC(=O)O1,1,0.966573009,0.329224487,0.291160568,0.359430144,0.333333333,0.022099442,0.022461252,0.391823801,0.449821391,0.103859711
3019,Nc1nc2nc[nH]c2c(=S)[nH]1,1,0.97392198,0.380001599,0.27915006,0.283953865,0.333333333,0.095813035,0.038751969,0.173073158,0.151425762,0.183295163
3021,CC1(C)C2=CCCC(C)(C)[C@]23CC[C@H]1C3,1,0.983643629,0.318461641,0.383018829,0.486944481,0.333333333,0.012538586,0.003647231,0.22001375,0.29117658,0.060724164
3032,CCN(CC)c1ccc(C(=C2C=CC(=[N+](CC)CC)C=C2)c2ccc(S(=O)(=O)[O-])cc2S(=O)(=O)[O-])cc1,1,0.92076976,0.501948289,0.371145806,0.253571484,0.323529412,0.055861325,0.388584496,0.648192909,0.69284194,0.130336958
3113,COP(=O)(OC)Oc1ccc([N+](=O)[O-])cc1,1,0.963843954,0.32531517,0.260033353,0.325220816,0.333333333,0.172550839,0.080042749,0.274123456,0.25981106,0.165851968
3260,NCCNc1cccc2ccccc12,1,0.984019142,0.362945307,0.296096021,0.325428211,0.333333333,0.02688316,0.026530489,0.19718579,0.235589908,0.088981034
3360,O=S(=O)(c1ccc(Cl)cc1)c1cc(Cl)c(Cl)cc1Cl,1,0.905059819,0.299548062,0.261427257,0.357652078,0.333333333,0.043597311,0.022537752,0.409104358,0.339631331,0.224196717
3374,CC(C)(c1cc(Br)c(OCCO)c(Br)c1)c1cc(Br)c(OCCO)c(Br)c1,1,0.61037085,0.334302169,0.311318186,0.378551135,0.333333333,0.020938686,0.063044723,0.755115825,0.546581532,0.299888787
3380,Clc1ccc(Nc2nnc(Cc3ccncc3)c3ccccc23)cc1,1,0.953730231,0.343820222,0.266555825,0.311323723,0.333333333,0.022313102,0.106981296,0.399269725,0.416439516,0.136282891
3393,Clc1ccccc1C(c1ccccc1)(c1ccccc1)n1ccnc1,1,0.954838228,0.328052885,0.301878061,0.374207558,0.333333333,0.014589972,0.086020609,0.396755407,0.423310058,0.128368462
3399,O=C(c1ccccc1O)c1ccccc1O,1,0.978779268,0.337396803,0.261154127,0.312229965,0.333333333,0.038916475,0.042058448,0.232487701,0.244588825,0.128558263
3415,CCCCCCCCC(=O)NCc1ccc(O)c(OC)c1,1,0.971280813,0.352729529,0.332173879,0.382643141,0.333333333,0.02769244,0.060258618,0.332449271,0.415767397,0.07690015
3427,N#Cc1ccc(C(c2ccc(C#N)cc2)n2cncn2)cc1,1,0.971843376,0.299996926,0.269976651,0.367792277,0.333333333,0.018701808,0.054167756,0.322220644,0.346775699,0.124014839
3445,Cc1c([N+](=O)[O-])cc2c(c1[N+](=O)[O-])C(C)(C)CC2(C)C,1,0.970934206,0.318158456,0.25486035,0.327286025,0.333333333,0.021645,0.065513307,0.313410369,0.345954221,0.115502831
3453,CCCCCCCCCCn1cc[n+](CCCCCCCCCC)c1C,1,0.967565373,0.173228246,0.18322656,0.410467822,0.342465753,0.016547826,0.059134498,0.421091323,0.597986134,0.040485253
3464,Cc1cc(C(C)(C)C)c(O)c(C)c1Cn1c(=O)n(Cc2c(C)cc(C(C)(C)C)c(O)c2C)c(=O)n(Cc2c(C)cc(C(C)(C)C)c(O)c2C)c1=O,1,0.926236119,0.349188366,0.326446261,0.379709424,0.333333333,0.036736854,0.022224558,0.845577329,1,0.095900161
3570,COc1cc(CNC(=O)CCCC/C=C/C(C)C)ccc1O,1,0.969967864,0.353511227,0.333395628,0.383237555,0.333333333,0.027978626,0.020229184,0.347607193,0.433454066,0.077825371
3602,CC1=C(/C=C/C(C)=C/C=C/C(C)=C\C=O)C(C)(C)CCC1,1,0.974400335,0.363678428,0.267106891,0.288358971,0.333333333,0.014723377,0.050801496,0.321099678,0.420447332,0.063508262
3645,Nc1ccc2cc3ccc(N)cc3nc2c1,1,0.980877568,0.373103485,0.259933273,0.268175893,0.333333333,0.039354883,0.052955996,0.226212704,0.245796149,0.11811377
3669,Nc1ccc(C(=O)OCCCOC(=O)c2ccc(N)cc2)cc1,1,0.966983391,0.342855529,0.30180012,0.356479028,0.333333333,0.045674106,0.032122186,0.358884136,0.394720137,0.117494186
3678,CC(C)(c1cc(Br)c(O)c(Br)c1)c1cc(Br)c(O)c(Br)c1,1,0.620983106,0.339139507,0.308179567,0.36887055,0.333333333,0.0229334,0.055267757,0.643891502,0.413937742,0.358731152
3695,CC[N+](CC)(CC)CCOc1ccc(/C=C/c2ccccc2)cc1,1,0.969843615,0.305830052,0.223362239,0.302641444,0.345679012,0.015677194,0.340643516,0.371649737,0.470457912,0.07339978
3807,CCCCCCCCn1cc[n+](C)c1,1,0.9838361,0.151007566,0.17023923,0.420718477,0.351351351,0.019179976,0.205949174,0.20864319,0.288712147,0.048992618
3815,Cc1c2ccccc2c(C)c2c1ccc1ccccc12,1,0.977238403,0.381829554,0.268679706,0.268703258,0.333333333,0.009043902,0.001795617,0.285619005,0.324222396,0.106039908
3829,C[C@]12CC[C@@H]3c4ccc(O)cc4C[C@@H](CCCCCCCCCS(=O)CCCC(F)(F)C(F)(F)F)[C@H]3[C@@H]1CC[C@@H]2O,1,0.921993874,0.354986314,0.337582165,0.386707941,0.333333333,0.027591135,0.057123879,0.727966847,0.804538043,0.118854426
3844,CCN(Cc1ccncc1)C(=O)C(CO)c1ccccc1,1,0.972133708,0.314937732,0.31102261,0.401246774,0.333333333,0.025481809,0.030333075,0.321021946,0.377444208,0.09557228
3907,C=C[C@@]1(C)CC(=O)[C@@]2(O)[C@](C)(O1)[C@@H](OC(C)=O)[C@@H](O)[C@H]1C(C)(C)CC[C@H](O)[C@@]12C,1,0.956072416,0.309462899,0.343281165,0.448046025,0.333333333,0.036989791,0.04998234,0.480278625,0.538926851,0.112175369
3941,CCc1cc(Cl)c(OC)c(C(=O)NC[C@@H]2CCCN2CC)c1O,1,0.953457164,0.332778247,0.309255816,0.377791165,0.333333333,0.031175854,0.05773898,0.39176257,0.43957781,0.111335829
3951,COP(=S)(OC)Oc1ccc([N+](=O)[O-])c(C)c1,1,0.951264224,0.372262808,0.260393211,0.269751493,0.333333333,0.111060436,0.088909858,0.312009175,0.295968535,0.167515468
3952,CCOP(=S)(OCC)OC(Cl)C(Cl)(Cl)Cl,1,0.898398766,0.360795239,0.297218333,0.329390452,0.333333333,0.119354928,0.061105936,0.38385101,0.317551,0.224344544
3989,Oc1ccc(Cl)cc1C1CCCC1,1,0.970558511,0.333490077,0.31727825,0.386960184,0.333333333,0.018301897,0.045955071,0.209753974,0.228308627,0.116907844
4452,CC(C)(C)c1ccc(CN2CCN(C(c3ccccc3)c3ccc(Cl)cc3)CC2)cc1,1,0.946619467,0.333406645,0.316944934,0.386643377,0.333333333,0.013220727,0.05244063,0.508071652,0.599181011,0.095901434
4468,CN(C)S(=O)(=O)N(SC(F)(Cl)Cl)c1ccccc1,1,0.919812158,0.325860927,0.308339288,0.384885901,0.333333333,0.089999611,0.08764676,0.381413414,0.3360467,0.198674778
4490,COP(=S)(OC)SCn1nnc2ccccc2c1=O,1,0.937541006,0.383809141,0.265054947,0.261819501,0.333333333,0.07597282,0.049739279,0.362520917,0.336718818,0.177462673
4527,C(=Cc1ccncc1)c1ccccc1,1,0.984656338,0.346591716,0.270101654,0.312449984,0.333333333,0.010572025,0.041606212,0.190836453,0.226105572,0.091222915
4534,CC(Oc1ccc(Oc2ncc(C(F)(F)F)cc2Cl)cc1)C(=O)O,1,0.945332036,0.335704215,0.285151037,0.344208692,0.333333333,0.049309142,0.024347537,0.418134196,0.382509988,0.185291551
4543,CCCCCCCCCCCCCCCCn1cc[n+](C)c1,1,0.972989431,0.190361311,0.170521011,0.374196642,0.344262295,0.015479188,0.456207594,0.350275279,0.492836962,0.043376334
4544,CCCCCc1ccc(N)cc1,1,0.98715951,0.353521083,0.34024166,0.391773821,0.333333333,0.021802295,0.024572419,0.168158875,0.227736082,0.055023611
4580,Cc1cccc(C)c1N(CCCc1cccnc1)C(=O)C(C)N,1,0.970107659,0.330900664,0.314991299,0.387188892,0.333333333,0.028569067,0.038943026,0.355186999,0.431051865,0.086075861
4615,CC(C)(C)C(O)(CCc1ccc(Cl)cc1)Cn1cncn1,1,0.958136552,0.321602596,0.321459577,0.406340022,0.333333333,0.023644453,0.044548615,0.350065361,0.396537346,0.107720909
4705,OC(c1ccc(F)cc1)(c1cncnc1)c1ccccc1Cl,1,0.95547231,0.321453173,0.29616808,0.374938857,0.333333333,0.024369442,0.050895743,0.35880274,0.353882728,0.155184624
4799,CC/C(=C(\c1ccccc1)c1ccc(OCCN(C)C)cc1)c1ccccc1,1,0.964602336,0.363969309,0.311990743,0.344054799,0.333333333,0.011859563,0.032823491,0.431008381,0.526691809,0.084294349
4800,CC(=O)S[C@@H]1CC2=CC(=O)CC[C@]2(C)[C@H]2CC[C@@]3(C)[C@@H](CC[C@@]34CCC(=O)O4)[C@@H]21,1,0.947448006,0.326330442,0.31287177,0.389985958,0.333333333,0.024496829,0.037817543,0.48782181,0.542897328,0.115025193
4839,CC=O,1,0.998552228,0.269915982,0.352770117,0.50699775,0.333333333,0.032685013,0.028545428,0.017704011,0.025938787,0.053325617
4845,c1ccc(CCCc2ccncc2)cc1,1,0.983257966,0.321256915,0.314881308,0.398538084,0.333333333,0.011331579,0.037981029,0.211086553,0.260134673,0.080404508
4867,CCOP(=O)(CC)Oc1ccc([N+](=O)[O-])cc1,1,0.96372707,0.327556854,0.263014991,0.326273673,0.333333333,0.127826431,0.089485735,0.289327339,0.297636384,0.138202071
4891,CC[C@]12CCCN3CCc4c(n(c5ccccc45)C(=O)C1)[C@@H]32,1,0.97205345,0.361463842,0.314027487,0.349582115,0.333333333,0.021380643,0.046832296,0.33367974,0.377618461,0.107800091
4909,CC(C)(C)C(=O)C(Oc1ccc(Cl)cc1)n1cncn1,1,0.958294138,0.304096894,0.299330289,0.399560023,0.333333333,0.0289799,0.046962306,0.332315389,0.35287455,0.128733575
4964,Fc1ccc(C2(Cn3cncn3)OC2c2ccccc2Cl)cc1,1,0.953562933,0.315938655,0.304800421,0.392285521,0.333333333,0.020086172,0.06296118,0.37776391,0.379585029,0.149022528
5001,CC/N=c1/cc2oc3cc(NCC)c(C)cc3c(-c3ccccc3C(=O)OCC)c-2cc1C,1,0.954885351,0.694750492,0.476296762,0.155219824,0.312169312,0.027212036,0.241706481,0.520693674,0.596691684,0.105407294
5036,C=C(C)C(=O)OCCCCCCOC(=O)C(=C)C,1,0.974622674,0.290099767,0.316912086,0.43818455,0.333333333,0.031673227,0.017003965,0.283126296,0.350883089,0.079358049
5088,CCOP(=O)(OCC)Oc1ccc([N+](=O)[O-])cc1,1,0.961131976,0.325071922,0.259922562,0.32537221,0.333333333,0.143550153,0.069225585,0.309531478,0.31377967,0.143918103
5142,Cc1ccccc1[N+](=O)[O-],1,0.987438428,0.3262524,0.263960307,0.329007716,0.333333333,0.019478187,0.061689299,0.13520502,0.144306287,0.117802483
5190,O=C=Nc1cccc(C(F)(F)F)c1,1,0.978439835,0.326011034,0.294378312,0.367275338,0.333333333,0.064439896,0.032588147,0.198333749,0.173306946,0.187516258
5360,CCCCOC(=O)C(C)Oc1ccc(Oc2ccc(C(F)(F)F)cn2)cc1,1,0.955863951,0.3327262,0.297890301,0.363662097,0.333333333,0.036776584,0.049949834,0.446052023,0.462815678,0.138924341
5450,C/C=C1\NC(=O)[C@H]2CSSCCC=C[C@H](CC(=O)N[C@H](C(C)C)C(=O)N2)OC(=O)[C@H](C(C)C)NC1=O,1,0.920809268,0.344039869,0.317598866,0.374794804,0.333333333,0.049189892,0.086968833,0.644460616,0.709035012,0.120046438
5662,CC1(C)C(C(=O)OC(C#N)c2cccc(Oc3ccccc3)c2)C1(C)C,1,0.964792643,0.338439594,0.312983018,0.375701829,0.333333333,0.024772373,0.061959401,0.403146704,0.470881097,0.098395745
5750,N#Cc1cc(I)c(O)c(I)c1,1,0.506619397,0.325625088,0.276995413,0.346030623,0.333333333,0.029489437,0.038064435,0.430510055,0.213385111,0.488757024
5772,Cc1ccccc1OP(=O)(Oc1ccccc1C)Oc1ccccc1C,1,0.953603045,0.335129289,0.322337664,0.391324962,0.333333333,0.101125859,0.032033037,0.42708353,0.46595223,0.121163655
5801,CC(C)(O)c1cnn2c(-c3ccc(F)c(-c4c(F)cccc4C#N)c3)cnc2n1,1,0.957030982,0.736868702,0.398245266,0.007597795,0.303030303,0.044324362,0.40908778,0.456144703,0.460886449,0.148669463
5821,CCOC(=O)C1=C(C)NC(C)=C(C(=O)OCC)C1c1ccccc1/C=C/C(=O)OC(C)(C)C,1,0.951542609,0.353298329,0.297773871,0.33901356,0.333333333,0.037895661,0.084686777,0.537121255,0.620975069,0.10256046
5829,C=CCc1cc(S(=O)(=O)c2ccc(O)c(CC=C)c2)ccc1O,1,0.955641391,0.331381539,0.308176862,0.378107575,0.333333333,0.042963096,0.066377092,0.379051654,0.409257807,0.124021475
5884,Cc1cccc(C(C)c2c[nH]cn2)c1C,1,0.982663006,0.336842105,0.342046701,0.413893694,0.333333333,0.02482028,0.051697522,0.214889801,0.262188367,0.083285022
5889,O=C(NCCc1c[nH]c2ccccc12)c1cccnc1,1,0.974256869,0.361081151,0.290422804,0.320564961,0.333333333,0.032448502,0.047047279,0.296982788,0.330956026,0.112108133
5904,CCCOC/C(=N\c1ccc(Cl)cc1C(F)(F)F)n1ccnc1,1,0.949258335,0.319977445,0.273884574,0.348873233,0.333333333,0.036217146,0.087937588,0.397990207,0.388683519,0.159888812
5931,Nc1ccc(S(N)(=O)=O)cc1,1,0.973032026,0.328319344,0.307842743,0.381337727,0.333333333,0.110295197,0.067063991,0.179394115,0.173555879,0.151554538
5971,CC1(C)CCC(C)(C)c2cc(NC(=O)c3ccc(C(=O)O)cc3)ccc21,1,0.964748972,0.354370084,0.273044802,0.30686012,0.333333333,0.031498543,0.04097292,0.405692793,0.469076335,0.101676922
6024,C(=NC1CCCCC1)=NC1CCCCC1,1,0.982537809,0.312123725,0.371819214,0.480509563,0.333333333,0.021341336,0.032765596,0.222528067,0.291935825,0.063095233
151,CCCCC(CC)CCC(CC(C)C)OS(=O)(=O)[O-],0,0.960672654,0.497687879,0.520552297,0.445195987,0.319444444,0.056923268,0.150684845,0.332423454,0.408038037,0.082493288
152,ClCc1ccc(Cl)cc1Cl,0,0.946625858,0.290934812,0.276937005,0.387276775,0.333333333,0.016010024,0.047878277,0.207076315,0.178136241,0.19415031
153,O=C(O)CCCCCCCCC(=O)O,0,0.979960787,0.271149007,0.36353385,0.518968784,0.333333333,0.041831194,0.018500831,0.217402429,0.2650262,0.083562293
154,CCCCCCCC(=O)OC,0,0.986465295,0.273899578,0.365469058,0.518108934,0.333333333,0.024620709,0.01609616,0.161836228,0.22293168,0.050811446
155,CC(O)COCC(C)O,0,0.987897436,0.28579378,0.516938421,0.693067633,0.333333333,0.034125517,0.042693113,0.131474423,0.164407602,0.075402513
158,Cc1ncc[nH]1,0,0.994699324,0.329999895,0.364579456,0.450177905,0.333333333,0.0503746,0.055551289,0.065738056,0.07738073,0.086171661
164,CC[C@H](C)[C@@H](C(=O)O)n1sc2ccccc2c1=O,0,0.962967995,0.361357273,0.295406674,0.326458971,0.333333333,0.046110068,0.035322295,0.296926896,0.311253003,0.132129753
165,Cc1cc(SC2=C(O)C[C@@](CCc3ccc(N)cc3)(C(C)C)OC2=O)c(C(C)(C)C)cc1CO,0,0.940202759,0.351150553,0.31038353,0.357316253,0.333333333,0.03068803,0.051869954,0.572506846,0.663119376,0.102106786
166,CCn1nc(C)c2c1C(=O)NCC(c1ccc(O)cc1)=N2,0,0.971066696,0.35631858,0.277323727,0.30988199,0.333333333,0.036356796,0.059028759,0.320990175,0.347522497,0.122006875
170,CO[Si](C)(C)OC,0,0.983122423,0.28610739,0.482836866,0.650114657,0.333333333,0.194064104,0.039722992,0.11374769,0.146185729,0.068403285
174,O=C(O)Cc1c(Cl)ccc(Cl)c1Cl,0,0.940121376,0.290879439,0.2813979,0.392912633,0.333333333,0.041705795,0.030589287,0.262642515,0.221238938,0.208218025
175,O=C(O)c1cccc(Cl)n1,0,0.972834391,0.288518055,0.266517291,0.377145211,0.333333333,0.052923917,0.054651401,0.160399227,0.142750457,0.175577334
176,CCCCCCCCCC=O,0,0.987705483,0.276393169,0.355563806,0.502771087,0.333333333,0.013924406,0.026845504,0.1593361,0.233635787,0.035537002
177,Cc1ccc(C(C)(C)C)cc1,0,0.989068654,0.333161753,0.339244923,0.414778987,0.333333333,0.013994345,0.001287418,0.149197705,0.207921039,0.048181132
178,BrCBr,0,0.823642342,0.287334094,0.366583047,0.503498214,0.333333333,0.022199013,0.024410502,0.179168864,0.057304308,0.594781309
179,Nc1cc(Cl)cc(Cl)c1,0,0.962028014,0.317385549,0.299430735,0.383857518,0.333333333,0.040517478,0.05390464,0.165435255,0.146969867,0.177017329
180,CCCCCCCCCC(=O)O,0,0.985109643,0.270712713,0.36452816,0.520729951,0.333333333,0.026713656,0.014298519,0.179540239,0.246518054,0.051365151
187,O=C1CCCN1,0,0.993971181,0.302105185,0.371779391,0.492392775,0.333333333,0.051014872,0.042307506,0.069527114,0.081637479,0.087140687
188,ClCc1ccccc1Cl,0,0.962581244,0.299021003,0.293514082,0.398343685,0.333333333,0.01441083,0.062620208,0.164178097,0.153267864,0.160978252
189,Cc1ccc([N+](=O)[O-])c([N+](=O)[O-])c1,0,0.980385194,0.320220163,0.240920933,0.307425503,0.333333333,0.024459768,0.105955251,0.19202838,0.18231831,0.15891812
510,COc1c2occc2cc2ccc(=O)oc12,0,0.977538556,0.360250177,0.278085717,0.30615055,0.333333333,0.031459446,0.078408336,0.234987829,0.227947674,0.155372897
511,COC(C)(C)C,0,0.994442771,0.280543043,0.526252333,0.710951125,0.333333333,0.024927526,0.020210927,0.073362133,0.111720996,0.033055976
512,COC(N)=O,0,0.994047255,0.289827925,0.391193956,0.531257201,0.333333333,0.115138881,0.024589362,0.05686932,0.06017948,0.106056213
513,COC(=O)NN,0,0.992139132,0.291205517,0.381521427,0.517539185,0.333333333,0.092784938,0.014883162,0.07583049,0.07993229,0.112024023
516,O=C(O)CNC(=O)c1ccccc1,0,0.982169104,0.309822922,0.297738251,0.390752005,0.333333333,0.054049686,0.044448623,0.188271093,0.198884781,0.124936839
517,CCCCN1CCCC[C@H]1C(=O)Nc1c(C)cccc1C,0,0.973246731,0.349385232,0.338327844,0.394310368,0.333333333,0.025788651,0.048766893,0.326160084,0.413701256,0.072715573
518,CC(C)(C)OC(=O)N1C[C@@H](F)C[C@H]1C(=O)O,0,0.974666871,0.307819389,0.357829349,0.468168549,0.333333333,0.055064255,0.025385771,0.256542492,0.27690029,0.12128929
521,Oc1nc(O)nc(O)n1,0,0.986400755,0.279027194,0.292388713,0.420752876,0.333333333,0.154277213,0.04403193,0.125061544,0.104066316,0.188163726
522,N#CC1(O)CCCCC1,0,0.989945297,0.242814375,0.396149894,0.593442371,0.333333333,0.024399008,0.048472942,0.120093059,0.148065171,0.078736593
528,CSCCC=O,0,0.982022775,0.340448237,0.354209493,0.42478503,0.333333333,0.032451774,0.040925524,0.093497881,0.107140635,0.095228836
529,CC(C)(C)C(=O)Cl,0,0.978528496,0.259506676,0.323858246,0.483296557,0.333333333,0.033854643,0.049664484,0.113714262,0.125935053,0.105758341
530,CCCCC(CC)COC(=O)Cl,0,0.970509952,0.237248254,0.331961727,0.519926301,0.333333333,0.026610341,0.052103721,0.204734446,0.245733916,0.087814457
531,CCCCC(CC)C(=O)[O-],0,0.987847766,0.565676778,0.602966658,0.467118554,0.306666667,0.046339298,0.10714568,0.142859173,0.19027171,0.05951075
533,COCN(COC)c1nc(N(COC)COC)nc(N(COC)COC)n1,0,0.956619812,0.329695831,0.317515107,0.391775195,0.333333333,0.0475161,0.00753265,0.455005605,0.515751217,0.108591287
534,O=Cc1cccc(Br)c1,0,0.90252939,0.321710304,0.283207463,0.358449875,0.333333333,0.013088563,0.041363807,0.194453168,0.142215252,0.250992842
536,C/C=C/C=C/C(=O)[O-],0,0.990644738,0.574260568,0.441886927,0.255769246,0.288888889,0.06444994,0.162797456,0.102358973,0.121416925,0.087558869
538,CC(C)C[C@@H](NC(=O)[C@@H](O)[C@H](N)Cc1ccccc1)C(=O)O,0,0.968174646,0.318506461,0.332295998,0.423558214,0.333333333,0.045361421,0.015162197,0.35136448,0.411199482,0.097335121
677,O=c1c(=O)c2cccc3cccc1c32,0,0.982770451,0.33908947,0.263606517,0.313275925,0.333333333,0.016825322,0.057283849,0.192033461,0.191541267,0.143056159
678,O=c1[nH][nH]c2ccccc12,0,0.988161128,0.335672506,0.291221937,0.351826629,0.333333333,0.043722666,0.040393867,0.131415962,0.130639882,0.137369923
679,CC1(C)C(=O)N(Cl)C(=O)N1Br,0,0.882789565,0.306017088,0.309426345,0.409878914,0.333333333,0.079630803,0.057071384,0.265162021,0.187633023,0.278433729
680,O=C1C(I)=CC(=C(c2cc(I)c([O-])c(I)c2)c2ccccc2C(=O)[O-])C=C1I,0,5.15E-05,0.606367333,0.396660597,0.161057436,0.296296296,0.042628053,0.182468893,0.997453911,0.561467707,0.451897764
681,CN(CCOc1ccc(CC2SC(=O)NC2=O)cc1)c1ccccn1,0,0.952536237,0.346049954,0.3147647,0.368861862,0.333333333,0.037756028,0.053044181,0.413184936,0.439391111,0.12976607
682,CNC(=O)N(c1ccccc1)c1ccccc1,0,0.978795549,0.354311661,0.320724866,0.366463369,0.333333333,0.035472099,0.036776706,0.247705773,0.285040389,0.101087863
683,CN(CCO)CCO,0,0.989939836,0.309893918,0.518044406,0.665743253,0.333333333,0.032817417,0.056898267,0.112527443,0.145165105,0.067484504
684,CC1CCCC1,0,0.995722119,0.218831494,0.559710088,0.826230434,0.333333333,0.011014929,0.000501172,0.068315916,0.108074132,0.026359682
686,C[C@H](CN1CCOCC1)C(C(=O)N1CCCC1)(c1ccccc1)c1ccccc1,0,0.961368877,0.326495931,0.32699829,0.407427318,0.333333333,0.018465417,0.057833479,0.457561857,0.541154799,0.094736273
692,CS(=O)(=O)c1ccc(C2=C(c3ccccc3)C(=O)OC2)cc1,0,0.957035155,0.327638357,0.261534025,0.324327452,0.333333333,0.045727211,0.052653865,0.358801554,0.367822959,0.141459858
693,CC[C@@H](O)C(C[C@@H](C)N(C)C)(c1ccccc1)c1ccccc1,0,0.97117411,0.328176342,0.328128808,0.406837378,0.333333333,0.016147263,0.026942135,0.35521877,0.445552195,0.076095717
694,CCCCS,0,0.984575774,0.333261248,0.475040092,0.58421528,0.333333333,0.015345883,0.016274787,0.07583983,0.101564542,0.05933957
695,CC[C@H](O)C(C[C@H](C)N(C)C)(c1ccccc1)c1ccccc1,0,0.971173946,0.332387939,0.332264402,0.406984738,0.333333333,0.015994562,0.042525617,0.35521877,0.443734986,0.077317637
696,Brc1c(NC2=NCCN2)ccc2nccnc12,0,0.890319386,0.352474257,0.265617737,0.299844726,0.333333333,0.046154207,0.035747655,0.329686568,0.275817433,0.216421523
697,C[C@]12C=CC3=C4CCC(=O)C=C4CC[C@H]3[C@@H]1CC[C@@H]2O,0,0.974552569,0.351073309,0.281357876,0.321166622,0.333333333,0.017769817,0.030534342,0.303349706,0.352725191,0.098813429
698,C[S+](C)CCC(N)C(=O)O,0,0.974791721,0.189181748,0.252530085,0.477998707,0.361111111,0.078073819,0.151500445,0.169344257,0.195262811,0.098275265
699,NC(=O)OC[C@@H]1[C@H](NC(=O)/C(=N\OCC(=O)[O-])c2csc(N)n2)C(=O)N1S(=O)(=O)[O-],0,0.922940452,0.548646077,0.428960699,0.270138513,0.301587302,0.139231909,0.267078272,0.54820529,0.491778998,0.196586074
823,C/C(=C(/CCO)SSCC1CCCO1)N(C=O)Cc1cnc(C)nc1N,0,0.93800083,0.340439299,0.302118519,0.35975452,0.333333333,0.039720009,0.05246252,0.465012298,0.503317028,0.124337028
824,CCCC(C)CC,0,0.994325904,0.230306903,0.567167311,0.821873383,0.333333333,0.01354865,0.000852656,0.088566016,0.149484087,0.010160053
825,CCOP(=O)([O-])C(N)=O,0,0.975668524,0.520049229,0.532019248,0.432879426,0.291666667,0.243088589,0.068054957,0.154106433,0.145040638,0.156982779
826,O=C(Cl)c1cc(Cl)cc(Cl)c1,0,0.944072248,0.278588063,0.244011405,0.360871672,0.333333333,0.027362141,0.016090085,0.224734365,0.182131611,0.218228157
827,COC(=O)c1cccc(Cl)c1,0,0.972031799,0.301284944,0.281233851,0.380313956,0.333333333,0.031492977,0.05014214,0.176846079,0.175124155,0.143971694
828,C=C(C)C(=O)OCCN(C)C,0,0.985955357,0.302693075,0.317565589,0.424000814,0.333333333,0.029879141,0.030605977,0.160547298,0.205469051,0.069693953
829,Cc1cc(=O)nc(C(C)C)[nH]1,0,0.98672271,0.349637499,0.324181071,0.376346136,0.333333333,0.049642327,0.095173093,0.154212151,0.18357542,0.088913274
830,CC1(C)CC(N)CC(C)(CN)C1,0,0.986481541,0.289251341,0.551125916,0.73163613,0.333333333,0.030671445,0.036972462,0.177054301,0.246406034,0.04797335
885,CN1CCCC1,0,0.995169259,0.310965193,0.549582671,0.703846171,0.333333333,0.014592194,0.017350292,0.069573075,0.101738795,0.041657845
887,CC(=O)Nc1cc([As](=O)(O)O)ccc1O,0,0.900633162,0.334557602,0.313907375,0.381479772,0.333333333,0.184659874,0.059977149,0.309432469,0.25315211,0.22384313
889,OCc1ccccc1O,0,0.989302385,0.337246547,0.330289778,0.398732192,0.333333333,0.030852212,0.039366576,0.118789939,0.133639521,0.102122
1261,c1ccc2c(c1)CCCC2C1=NCCN1,0,0.982661419,0.322840944,0.331474415,0.41736964,0.333333333,0.021934095,0.027150732,0.214889801,0.256886101,0.089151222
1263,CC(CN(C)C)CN1c2ccccc2CCc2ccccc21,0,0.973255225,0.356229601,0.335706973,0.382885702,0.333333333,0.014172382,0.013332899,0.333725701,0.412431699,0.080454472
1264,CC1=C2[C@H]3OC(=O)[C@@H](C)[C@@H]3CC[C@@]2(C)C=CC1=O,0,0.975983074,0.313737734,0.293080387,0.380273288,0.333333333,0.026230284,0.081678992,0.272987901,0.306983807,0.108737758
1265,C[C@H]1[C@H]2[C@H](C[C@H]3[C@@H]4CC[C@H]5C[C@@H](O)CC[C@]5(C)[C@H]4CC(=O)[C@@]32C)O[C@]12CC[C@@H](C)CO2,0,0.957113168,0.302259083,0.360220321,0.477776734,0.333333333,0.02045453,0.028637519,0.505640174,0.598981865,0.094444511
1268,CC(Cc1ccc(C(C)(C)C)cc1)CN1C[C@H](C)O[C@H](C)C1,0,0.972402677,0.337126311,0.339468312,0.410335786,0.333333333,0.01649662,0.018287782,0.345153026,0.458509142,0.059366392
1271,CCOP(=O)(OCC)OP(=O)(OCC)OCC,0,0.951087597,0.317457038,0.384039922,0.489415993,0.333333333,0.233160236,0.05363686,0.328494737,0.341236947,0.136099973
1272,O=C1N=C2SCCN2C(=O)C1Cc1ccc(Cl)cc1,0,0.947780512,0.321097571,0.294744247,0.373584601,0.333333333,0.04150471,0.055851022,0.333489967,0.321098291,0.163016525
1273,O=C1NC2NC(=O)NC2N1,0,0.985730177,0.288836967,0.358371682,0.491455396,0.333333333,0.132074508,0.014277435,0.141522586,0.128038535,0.166919729
1274,CN1[C@H]2CC[C@@H]1[C@@H](C(=O)O)[C@@H](OC(=O)c1ccccc1)C2,0,0.97016362,0.311198478,0.29656798,0.387652392,0.333333333,0.034726176,0.027015731,0.327311132,0.357467359,0.119262484
1275,C[N@+]12CCCC[C@@H]1CCC(=C(c1cccs1)c1cccs1)C2,0,0.948867429,0.264362622,0.213778013,0.340065761,0.347826087,0.020669607,0.167494947,0.379105259,0.420335312,0.115118555
1279,C[C@H]1CN(c2c(F)c(F)c3c(=O)c(C(=O)O)cn(C4CC4)c3c2F)C[C@@H](C)N1,0,0.954683828,0.362027888,0.28789543,0.31628162,0.333333333,0.037029646,0.065615515,0.461224135,0.456841293,0.156086369
1280,COc1ccc(Cc2cnc(N)nc2N)cc1OC,0,0.973695845,0.359940581,0.307688119,0.343481071,0.333333333,0.050365852,0.061631186,0.29067433,0.321919769,0.113964532
1282,Cc1cnc(C(=O)O)c[n+]1[O-],0,0.984288727,0.3623213,0.255894995,0.275976173,0.333333333,0.051586269,0.008309609,0.156666319,0.152981591,0.146069637
1284,CCNc1nc(NC(C)(C)C)nc(SC)n1,0,0.967058983,0.338638003,0.313003052,0.375490522,0.333333333,0.061277636,0.021512003,0.266685391,0.312323413,0.096087948
1285,CNC(=O)N(C)c1nnc(C(C)(C)C)s1,0,0.967730283,0.330249595,0.321240396,0.395767037,0.333333333,0.045167205,0.069925936,0.25022435,0.277410602,0.112631284
1286,Cc1[nH]c(=O)n(C(C)(C)C)c(=O)c1Cl,0,0.966815841,0.32102935,0.298304798,0.378111587,0.333333333,0.06218376,0.051799466,0.235018519,0.241688759,0.136015007
1288,O=C([O-])CF,0,0.992558154,0.580670999,0.608518751,0.45619154,0.238095238,0.111549581,0.061022397,0.059360088,0.044857673,0.175968625
2598,c1cnccn1,0,0.994741305,0.28247391,0.288743951,0.412096666,0.333333333,0.022671961,1.22E-07,0.063191967,0.06817022,0.103922297
2599,C1CS1,0,0.98732967,0.334511108,0.403970544,0.493988654,0.333333333,0.030896136,0.011954901,0.037885719,0.037937344,0.107428911
2663,CC(=O)C(C)=O,0,0.993287024,0.297736269,0.295221624,0.402005962,0.333333333,0.041447291,1.89E-08,0.070770084,0.082570977,0.088649118
2667,CC(C)=CC=O,0,0.994527289,0.300015637,0.308983036,0.416473636,0.333333333,0.023263202,0.04107227,0.068269956,0.093163063,0.055730509
2672,CSSC,0,0.973469308,0.334761099,0.389754142,0.475940194,0.333333333,0.033926335,0.018159944,0.080817655,0.081201847,0.124400114
2682,CC(C)C(=O)O,0,0.993244618,0.273330419,0.365259476,0.518525166,0.333333333,0.05062056,0.014955996,0.073316173,0.091980633,0.073245038
2685,CC(C)C=O,0,0.995840487,0.278952578,0.354390965,0.498258195,0.333333333,0.022186053,0.029370263,0.053112033,0.077754129,0.043683379
2688,Cc1cc(N)no1,0,0.99210468,0.314451145,0.329013876,0.424290361,0.333333333,0.054557484,0.04786524,0.085942196,0.092179779,0.110033668
2737,COc1nc(C)nc(NC(=O)NS(=O)(=O)c2ccccc2Cl)n1,0,0.938229923,0.311743101,0.283050982,0.370126282,0.333333333,0.100678093,0.09535049,0.413077744,0.382186376,0.180732521
2738,O=C1c2ccccc2C(=O)C1c1ccccc1,0,0.978744886,0.324766156,0.275934503,0.345729025,0.333333333,0.017335004,0.024842209,0.242599406,0.260508072,0.122444324
2739,Clc1ccc(Cl)c(Cl)c1,0,0.94798189,0.289468861,0.280281503,0.393198811,0.333333333,0.012961704,0.034692476,0.189372303,0.151612462,0.216744554
2740,OCCN(CCO)c1ccccc1,0,0.983326598,0.367928555,0.340284624,0.374666936,0.333333333,0.029974652,0.043851054,0.190863143,0.229528397,0.08700685
2741,O=C(c1ccccc1)c1ccccc1,0,0.983969842,0.318552174,0.28909466,0.369562272,0.333333333,0.01270606,0.030543976,0.192079422,0.22056682,0.100260697
2742,CCOc1cc(C=O)ccc1O,0,0.984036979,0.348247777,0.294499722,0.340941073,0.333333333,0.030952393,0.018459039,0.171856012,0.189475125,0.111240279
2743,COc1cc(C=O)ccc1O,0,0.985392935,0.348321979,0.29409596,0.340348553,0.333333333,0.031357632,0.052337181,0.154152001,0.164407602,0.119687715
2744,CC(C)(C)C(=O)CCl,0,0.977173334,0.277261859,0.320154196,0.457523716,0.333333333,0.026536783,0.04583986,0.131418274,0.151263956,0.096971699
2877,Cc1cccc(Nc2ccccc2C(=O)O)c1C,0,0.976753115,0.354096113,0.294366902,0.333809365,0.333333333,0.037138763,0.011208259,0.266652754,0.300984529,0.107428764
2878,CNC[C@H](O)[C@@H](O)[C@H](O)[C@H](O)CO,0,0.979443629,0.287609978,0.507805631,0.679501121,0.333333333,0.050631011,0.03090361,0.208547883,0.234482158,0.10703315
2881,C[N+](C)(C)CCCCCC[N+](C)(C)C,0,0.983700258,0.008580607,0.269760189,0.71462371,0.363636364,0.016494278,0.036069102,0.217554501,0.319642035,0.033549056
2882,O=C(Cn1cnnn1)N[C@@H]1C(=O)N2C(C(=O)[O-])=C(CSc3nncs3)CS[C@H]12,0,0.919606052,0.510257025,0.351430624,0.219058555,0.316239316,0.070220701,0.152468546,0.516627431,0.462716105,0.196511892
2884,COc1ccc2c3c1O[C@H]1[C@H](O)CC[C@H]4[C@@H](C2)N(C)CC[C@@]341,0,0.97004526,0.356302291,0.334787287,0.381650796,0.333333333,0.01963885,0.052349424,0.342515015,0.37810388,0.11601288
2885,CS(=O)(=O)c1cc(C(F)(F)F)ccc1C(=O)c1cnoc1C1CC1,0,0.947481052,0.315644499,0.272030033,0.351718548,0.333333333,0.057096124,0.077918706,0.415621826,0.3833937,0.181968703
2886,Cc1c(C(=O)c2cnn(C)c2O)ccc(S(C)(=O)=O)c1C1=NOCC1,0,0.950027395,0.330223514,0.284194351,0.349542151,0.333333333,0.052879818,0.0650155,0.420731281,0.420422439,0.152024999
2892,O=[Se]([O-])[O-],0,0.912683357,0.789470839,0.857148059,0.517933407,0,0.020084618,0.04626073,0.123651636,0.039119774,0.507609865
2894,COC(=O)CCCCCCCC(=O)OC,0,0.978604756,0.274714985,0.365467524,0.517135799,0.333333333,0.032832094,0.018243017,0.23510644,0.291724232,0.078683491
2896,CCCCN(CCCC)C(=S)[S-],0,0.962137011,0.588230909,0.51087964,0.325274163,0.311111111,0.026639008,0.119764701,0.21988777,0.263022292,0.089058088
3121,O=C(O)c1ccc(S(=O)(=O)O)cc1C(=O)O,0,0.96124622,0.305775515,0.261742162,0.350627844,0.333333333,0.11704341,0.054143153,0.272808316,0.233797593,0.202630815
3122,Nn1cnnc1,0,0.993594046,0.284554538,0.341508051,0.475500086,0.333333333,0.052271443,0.084962981,0.068252374,0.065120795,0.13196852
3123,O=C1O[C@H]([C@H](O)CO)C(O)=C1O,0,0.980236302,0.337698263,0.317334377,0.382017955,0.333333333,0.070737677,0.070985312,0.184448574,0.173530986,0.161066175
3124,C[N+]1(C)[C@H]2CC(OC(=O)C(O)(c3cccs3)c3cccs3)C[C@@H]1[C@H]1O[C@@H]21,0,0.938529597,0.270258323,0.267122338,0.399649576,0.347222222,0.035659172,0.270621866,0.457375727,0.465056072,0.146392145
3125,COc1ccnc(CS(=O)c2nc3cc(OC(F)F)ccc3[n-]2)c1OC,0,0.945789032,0.498885732,0.372488555,0.258895815,0.316666667,0.052266668,0.149729889,0.444704061,0.424542275,0.16959138
3126,CCCCc1ncc(/C=C(\Cc2cccs2)C(=O)O)n1Cc1ccc(C(=O)O)cc1,0,0.945155553,0.348096581,0.285834787,0.330302062,0.333333333,0.036586144,0.051509942,0.497855783,0.543196047,0.121904163
3127,CC(C)[C@H](N)C(=O)OCCOCn1cnc2c(=O)[nH]c(N)nc21,0,0.964644731,0.355395402,0.309643032,0.351335685,0.333333333,0.067127021,0.064434373,0.371551038,0.396898299,0.12751861
3128,CNC(=O)Oc1cc(C)cc(C(C)C)c1,0,0.98065434,0.330186574,0.332920314,0.410425727,0.333333333,0.038239807,0.020307967,0.223725076,0.273527252,0.082807178
3129,Cc1ccsc1C(=CCCN1CCC[C@@H](C(=O)O)C1)c1sccc1C,0,0.942338646,0.352607316,0.317163242,0.36404632,0.333333333,0.028781707,0.01176212,0.435944504,0.479880014,0.118238255
3131,CCN(CC)CC#CCOC(=O)C(O)(c1ccccc1)C1CCCCC1,0,0.964628059,0.32016799,0.327498238,0.415588674,0.333333333,0.022388195,0.016927656,0.41333106,0.507411971,0.082811028
3350,CCC(C)(C)C(=O)O,0,0.990533005,0.277416734,0.367423008,0.516359417,0.333333333,0.040430415,0.014768332,0.108724195,0.142103232,0.064358612
3353,CCN1CCCC1=O,0,0.991259368,0.320423481,0.376888963,0.476953968,0.333333333,0.034421439,0.040483666,0.104935137,0.133527501,0.070713246
3354,O=S(=O)([O-])c1cc(O)ccc1O,0,0.969088709,0.499235848,0.430057103,0.330359289,0.294117647,0.125830837,0.11164955,0.200811149,0.172062283,0.194678021
3355,ClC(Cl)=C(Cl)Cl,0,0.937327533,0.260347328,0.284654128,0.433344732,0.333333333,0.006123839,1.89E-07,0.169092744,0.107874986,0.294339005
3356,ClC(Cl)C(Cl)Cl,0,0.937284726,0.209232926,0.314909881,0.532003893,0.333333333,0.01816798,0.043484311,0.171638833,0.116151998,0.273247493
3359,ClCC(Cl)(Cl)Cl,0,0.937284779,0.210003495,0.297027493,0.508758006,0.333333333,0.019912743,0.035431519,0.171638833,0.116861457,0.270989286
3361,O=C=NCCCCCCN=C=O,0,0.984129109,0.296482509,0.344991829,0.465642725,0.333333333,0.051724323,0.051778869,0.17441629,0.209514208,0.086973514
3363,OCC1CCCO1,0,0.991888409,0.274848988,0.509615414,0.696960256,0.333333333,0.025272684,0.037662365,0.091020184,0.109654855,0.08317429
3364,O=C(OC(=O)c1ccccc1)c1ccccc1,0,0.977464433,0.307521689,0.284585174,0.377069945,0.333333333,0.031012482,0.051921222,0.247645623,0.265449386,0.123201316
3366,CCOC(=O)C(C)O,0,0.98929396,0.263454632,0.352839937,0.514780948,0.333333333,0.04800407,0.034387466,0.111224323,0.132394857,0.087193507
3575,NNC(N)=O,0,0.994181031,0.284393541,0.36484246,0.504827354,0.333333333,0.128815901,0.03017362,0.05688351,0.057864406,0.113925682
3576,CNC(=O)Oc1cccc2c1OC(C)(C)C2,0,0.97809935,0.347224841,0.327945156,0.38391968,0.333333333,0.043479954,0.033522111,0.241383126,0.272008762,0.107337906
3577,c1ccc2c(c1)[nH]c1ccccc12,0,0.986009397,0.363758679,0.301700985,0.331457812,0.333333333,0.02100195,0.02088877,0.173132442,0.190632662,0.111691045
3578,N#CC(c1ccccc1)c1ccccc1,0,0.98334111,0.314982619,0.313951713,0.404850607,0.333333333,0.009584114,0.053113475,0.205994375,0.241975032,0.094049553
3580,COc1cc(S(=O)(=O)Nc2ccccc2)c(OC)cc1N,0,0.9571615,0.350629715,0.300904638,0.346101204,0.333333333,0.065811151,0.086761752,0.351250127,0.362707392,0.138740478
3585,CCn1cc[n+](C)c1C.F[B-](F)(F)F,0,0.975973156,0.400591753,0.288176465,0.270699668,0.333333333,0.053925636,0.071871737,0.230021756,0.176431052,0.239968011
3586,OCCCCCCCCCCCCBr,0,0.895542695,0.296423554,0.412631268,0.550168022,0.333333333,0.014405213,0.050480676,0.295703669,0.323463152,0.118064688
3589,Cc1ccc2cc(C)ccc2c1,0,0.987836422,0.355419936,0.299195314,0.338261369,0.333333333,0.010722767,4.08E-08,0.15926345,0.199357754,0.075531273
3590,CC(C)(C)c1cc(Cc2cc(C(C)(C)C)c(O)c(C(C)(C)C)c2)cc(C(C)(C)C)c1O,0,0.959640388,0.354318061,0.332687826,0.381392781,0.333333333,0.020692071,0.016083782,0.498093828,0.647137896,0.065732317
3592,Cc1scc2c1N(C(=O)CN1CCN(C)CC1)c1ccccc1NC2=O,0,0.951866476,0.340803925,0.309789518,0.368898282,0.333333333,0.03729677,0.049286511,0.429645978,0.455385037,0.131167391
3593,Cc1c(C(N)=O)cc([N+](=O)[O-])cc1[N+](=O)[O-],0,0.974566639,0.311016831,0.237402706,0.313994574,0.333333333,0.050201768,0.065598307,0.246351612,0.230536574,0.168517426
3598,O=c1[nH]oc2c1CCNC2,0,0.986839127,0.328292349,0.314625646,0.38983906,0.333333333,0.044029691,0.048345422,0.139008268,0.138045629,0.138751422
3751,CCCCCCCCCCCSCC(=O)O,0,0.967224432,0.335204545,0.354837429,0.43181476,0.333333333,0.025908037,0.022632744,0.27303812,0.35424368,0.066139032
3752,COC(CC(C)CCCC(C)(C)O)OC,0,0.979762254,0.273791041,0.529559243,0.723122367,0.333333333,0.024149676,0.03392364,0.23769849,0.318335138,0.05743958
3754,COC(=O)C(C)N(C(=O)c1ccco1)c1c(C)cccc1C,0,0.968851835,0.32981148,0.308167223,0.379965614,0.333333333,0.034733175,0.052771638,0.342469055,0.384924636,0.110133901
3757,CCOC(=O)CC1(C)OCC(C)O1,0,0.981315118,0.288535334,0.369873634,0.506176084,0.333333333,0.040492457,0.011199263,0.199698418,0.232602716,0.09635045
3758,O=C(O)CCCCC1CCSS1,0,0.960225999,0.374203245,0.366199483,0.399550719,0.333333333,0.032277413,0.036224311,0.222357823,0.237992109,0.122663016
3759,COC(=O)CC(C(C)=O)C(=O)OC,0,0.98011921,0.280711804,0.335216389,0.472221297,0.333333333,0.051093645,0.026465399,0.199652457,0.21790324,0.115633921
3760,CC(C)N(Cc1ccccc1)C(=O)C(C)(C)C,0,0.979183398,0.325505626,0.329584099,0.411835515,0.333333333,0.023739747,0.028741489,0.25663297,0.334503317,0.06484402
3761,CC1CCC(C(C)CS)CC1S,0,0.96266388,0.334867916,0.472182405,0.578733473,0.333333333,0.013096203,0.026558529,0.219903655,0.26384377,0.088175459
3762,C=CC(C)(O)CCC=C(C)C,0,0.987749453,0.312767132,0.376553075,0.485653942,0.333333333,0.022209022,0.022498738,0.156790011,0.22178659,0.044337309
3763,C=CC(C)(CCC=C(C)C)OC(=O)c1ccccc1N,0,0.97396136,0.348312045,0.298363781,0.345689215,0.333333333,0.0333399,0.026449674,0.307152954,0.380418954,0.079675885
4217,CC(C)(C)NCCO,0,0.991178552,0.313731649,0.531621869,0.678125104,0.333333333,0.033045804,0.038957662,0.110027314,0.15627995,0.044946356
4218,C=CC(N)CCC(=O)O,0,0.988667382,0.281303859,0.361946763,0.504891842,0.333333333,0.051867366,0.019343469,0.125139276,0.154786354,0.078047886
4220,CC(=O)C1CCOC1=O,0,0.988020038,0.27680644,0.340464057,0.483425194,0.333333333,0.044633009,0.048166781,0.123836156,0.131971671,0.117031269
4221,Nc1cc(N)cc(C(=O)O)c1,0,0.985525037,0.347973276,0.29746921,0.344975751,0.333333333,0.073125339,0.050834634,0.15416619,0.162366354,0.123334118
4223,N#Cc1c(Cl)cccc1Cl,0,0.960755053,0.280198907,0.258382988,0.376897477,0.333333333,0.013883227,0.08841836,0.178047089,0.155657618,0.184362048
4224,c1ccc2occc2c1,0,0.990623297,0.340107989,0.311615684,0.372007366,0.333333333,0.014701181,0.01090939,0.111197633,0.118753345,0.114948685
4226,O=C(O)c1ccccc1,0,0.989343171,0.30920551,0.294418885,0.387342812,0.333333333,0.040680397,0.017163191,0.11624385,0.124404117,0.115020737
4228,O=C1C=CC(=O)C=C1,0,0.990700788,0.293652798,0.242199643,0.340666108,0.333333333,0.029945169,4.40E-08,0.098539839,0.09983446,0.126526501
4230,c1ccc2[nH]nnc2c1,0,0.990202805,0.322988315,0.286452134,0.360978974,0.333333333,0.025116585,0.059253968,0.112468982,0.112530028,0.132476245
4231,ClC(Cl)(Cl)c1ccccc1,0,0.946626802,0.290033791,0.285324523,0.398822682,0.333333333,0.011658218,0.054191045,0.207076315,0.176767111,0.196873781
4235,CCCC/C=C/C=C\C=O,0,0.9891467,0.325952749,0.286665546,0.357714547,0.333333333,0.014126966,0.044394479,0.136539911,0.189674272,0.049263081
4237,CCc1nccnc1CC,0,0.989317479,0.304219696,0.300122898,0.400403413,0.333333333,0.021168954,0.010845281,0.134008012,0.171464844,0.069613894
4472,Nc1nccs1,0,0.982237347,0.332379724,0.332956063,0.407858135,0.333333333,0.075570218,0.031984087,0.088419892,0.079085919,0.155381819
4473,CN(C)CCCCl,0,0.979173617,0.302691809,0.403407892,0.531185623,0.333333333,0.018420329,0.047202211,0.115017382,0.142165466,0.077972378
4476,COc1cc(C[C@H](C)N)c(OC)cc1C,0,0.98061384,0.371204658,0.340287117,0.370767932,0.333333333,0.02644682,0.025032663,0.226271165,0.281928731,0.077434694
4478,[N-]=[N+]=C1C=Cc2c(cccc2S(=O)(=O)[O-])C1=O,0,0.962652701,0.50900708,0.332982377,0.197512736,0.303030303,0.079715315,0.162972994,0.27661495,0.246069975,0.188973516
4479,Nc1cc(C(=O)O)ccc1Cl,0,0.971478621,0.328285429,0.28073156,0.347526911,0.333333333,0.061739635,0.037669713,0.178103238,0.167419688,0.160594982
4480,COc1ccccc1OCC(O)COC(N)=O,0,0.974225964,0.34265792,0.331760435,0.394123057,0.333333333,0.050555785,0.017952095,0.266633483,0.288152048,0.121204844
4481,CC(=O)N=c1sc(S(N)(=O)=O)nn1C,0,0.954156512,0.335994552,0.292932726,0.353579148,0.333333333,0.112955113,0.043631816,0.260202431,0.229752436,0.190421331
4599,CC1(C)[C@H]2CC[C@]1(C)[C@H](O)C2,0,0.987744923,0.270170858,0.526700436,0.723864786,0.333333333,0.020023978,0.020814193,0.156790011,0.203763862,0.06568922
4600,C=CC(N)=O,0,0.995329932,0.302400885,0.323637892,0.431930758,0.333333333,0.086084887,0.039697646,0.051823103,0.06177265,0.081900908
4603,C=CC=O,0,0.997239357,0.277358197,0.305903227,0.43961511,0.333333333,0.022272572,0.027009921,0.032861933,0.042816425,0.06542243
4604,CC(=O)Nc1ccc(CC(=O)O)cc1,0,0.980812904,0.353954843,0.327990346,0.375960099,0.333333333,0.055926386,0.036516229,0.205975104,0.227935228,0.111721465
4605,CC(=O)N[C@@H](CS)C(=O)O,0,0.973608664,0.327224514,0.354241797,0.440575947,0.333333333,0.070622118,0.025590101,0.168025251,0.171004319,0.134733098
4606,C=CC#N,0,0.997965975,0.264924123,0.307417326,0.456315667,0.333333333,0.019667658,0.051622136,0.029072875,0.040663157,0.055521075
4607,c1ccc(NNc2ccccc2)cc1,0,0.984061689,0.348226983,0.331130629,0.386703448,0.333333333,0.020261129,0.025418447,0.194639701,0.229416377,0.092798746
4608,NS(=O)(=O)c1cc2c(cc1Cl)NCNS2(=O)=O,0,0.934854688,0.310334076,0.27262028,0.358780702,0.333333333,0.137719337,0.090670314,0.337205552,0.2783441,0.222358146
4611,Oc1ccc(O)cc1,0,0.990657927,0.356267991,0.329079551,0.37456493,0.333333333,0.038227353,3.04E-08,0.101085928,0.107800306,0.113916189
4617,O=[N+]([O-])/N=C1\NCCN1Cc1ccc(Cl)nc1,0,0.961217064,0.32179984,0.252895726,0.320495783,0.333333333,0.04909567,0.080646501,0.284263763,0.275954346,0.157949143
4618,OC(c1ccccc1)(c1ccccc1)C1CCNCC1,0,0.975281258,0.329711083,0.326236673,0.402646838,0.333333333,0.017814262,0.026019521,0.299560648,0.355027818,0.092885753
4619,O=C(O)CCC(=O)Nc1ccc(S(=O)(=O)Nc2nccs2)cc1,0,0.940235407,0.347008299,0.301905154,0.351663872,0.333333333,0.09463059,0.087006111,0.410551184,0.390413602,0.170173783
4928,Cc1ccc(S(=O)(=O)NC(=O)NN2CC3CCCC3C2)cc1,0,0.956448196,0.319012666,0.299927303,0.382539501,0.333333333,0.056574526,0.096996505,0.370257258,0.394919284,0.128009512
4929,COc1ccc2c(c1)C(=O)N(CCc1ccc(S(=O)(=O)NC(=O)NC3CCCCC3)cc1)C(=O)C2(C)C,0,0.932640494,0.336468632,0.291235773,0.350895651,0.333333333,0.052624139,0.075334023,0.628041276,0.683482071,0.12379077
4933,COC1CCC=CO1,0,0.990574526,0.323052513,0.385161834,0.484152132,0.333333333,0.024892612,0.006585148,0.106178106,0.126495152,0.086715033
4934,CC(CO)(CO)C(=O)O,0,0.986699621,0.276347134,0.367247177,0.517413859,0.333333333,0.056630909,0.015297771,0.131428462,0.143198536,0.111763053
4935,OCCOCCOCCOCCOCCO,0,0.974690343,0.291102182,0.50231788,0.668489563,0.333333333,0.025188307,0.047153788,0.262902885,0.308763676,0.095174973
4936,COC(=O)c1cccnc1,0,0.987433893,0.296562509,0.283338578,0.388566756,0.333333333,0.036511212,0.042613753,0.13520502,0.145028192,0.116415577
5011,O=NN1CCCCC1,0,0.990707698,0.302345576,0.314603853,0.420716672,0.333333333,0.014158449,0.040533597,0.106192296,0.126893444,0.085974969
5013,Cc1ccccc1N=O,0,0.990030929,0.31173457,0.272695437,0.357206436,0.333333333,0.01099598,0.033264185,0.115000881,0.130166909,0.100230908
5014,O=C(O)CN(CC(=O)O)CC1=CC2C(=CC1=O)Oc1cc(O)c(CN(CC(=O)O)CC(=O)O)cc1C21OC(=O)c2ccccc21,0,0.926374598,0.339845951,0.2777465,0.330030176,0.333333333,0.053180946,0.050215327,0.747958734,0.749934655,0.154860088
5015,CN(C)P(=O)(N(C)C)N(C)C,0,0.975502031,0.344863363,0.436325427,0.522056769,0.333333333,0.151190771,0.039519265,0.188347522,0.229466164,0.083317603
5016,CCCCCC(N)=O,0,0.991219213,0.288177829,0.369832959,0.506551116,0.333333333,0.042237922,0.036979654,0.107481226,0.149160474,0.050370262
5019,CCCCCCC(O)CCCCCCCCCCC(=O)OC,0,0.970312702,0.274085358,0.365159053,0.517500579,0.333333333,0.020079479,0.021220312,0.359080479,0.491642085,0.050827819
5020,CCCCOCCOCCOC(=O)CCCCC(=O)OCCOCCOCCCC,0,0.953311398,0.290637011,0.367442569,0.500637363,0.333333333,0.025926598,0.052967614,0.51066712,0.627833165,0.08263504
5023,CNC(=O)ON=C(C)SC,0,0.974295199,0.327757404,0.336617316,0.417935179,0.333333333,0.058390209,0.037792264,0.166782282,0.179156865,0.118536356
5024,COc1ccc([C@@H]2CC(=O)c3c(O)cc(O[C@@H]4O[C@H](CO[C@@H]5O[C@@H](C)[C@H](O)[C@@H](O)[C@H]5O)[C@@H](O)[C@H](O)[C@H]4O)cc3O2)cc1O,0,0.927423599,0.348473293,0.287941006,0.332483206,0.333333333,0.045337812,0.036807797,0.732859272,0.742516461,0.150747852
5025,Cc1ccc([N+](=O)[O-])cc1,0,0.987438283,0.325990894,0.261250623,0.325935862,0.333333333,0.019846825,0.07086967,0.13520502,0.145214891,0.116058571
5026,O=S(=O)([O-])CCN1CCN(CCO)CC1,0,0.965031036,0.524760281,0.57656214,0.482884729,0.3125,0.069599935,0.318756043,0.261575639,0.275742753,0.12909232
5031,CCCOC(OCCC)OCCC,0,0.982473023,0.276352407,0.525914217,0.715520355,0.333333333,0.025538414,0.036874858,0.202290468,0.269656348,0.058870496
5032,COC(=O)CCCCC(=O)O,0,0.984028297,0.269713997,0.36195371,0.51870503,0.333333333,0.050110177,0.019472781,0.164290396,0.188193122,0.099925925
5033,Nc1cc[nH]c(=O)n1,0,0.99023703,0.34227414,0.301295053,0.356540883,0.333333333,0.110579245,0.075059115,0.102357277,0.099934033,0.136948843
5034,CC[N+](CC)(CC)CC,0,0.991045645,0.043180193,0.324489917,0.741748571,0.356321839,0.020408327,0.01093541,0.126504242,0.193271349,0.027479022
5047,O=C1CCc2ccccc2O1,0,0.986671501,0.332796967,0.322542429,0.394358627,0.333333333,0.030131766,0.048214215,0.149105784,0.159864581,0.117768811
5195,C=CCOC(=O)C(=C)C,0,0.989262844,0.288741657,0.31664567,0.439469527,0.333333333,0.032787027,0.016008097,0.121336028,0.150591837,0.07710673
5196,OCC(Br)CBr,0,0.818336028,0.292633927,0.383729444,0.518594772,0.333333333,0.025108345,0.057189481,0.234781026,0.121678304,0.410289132
5197,Nc1ccc(Cl)c(Cl)c1,0,0.962028148,0.324692629,0.302204576,0.3786176,0.333333333,0.038075657,0.077006376,0.165435255,0.147081886,0.176770579
5198,NCCCC(=O)O,0,0.991335962,0.276880907,0.366983381,0.516448711,0.333333333,0.06068687,0.035887169,0.092277343,0.110613246,0.084425536
5199,Nc1ccccc1Cl,0,0.977983447,0.333547778,0.318094684,0.387910861,0.333333333,0.03802031,0.043680695,0.122537038,0.122873181,0.133571445
5200,CCC(C)C=O,0,0.994484672,0.279609285,0.355920196,0.499385411,0.333333333,0.019756706,0.028191924,0.070816044,0.102958565,0.042684413
5202,FC(F)(F)c1ccc(Cl)cc1,0,0.968261047,0.293326471,0.294947898,0.406916633,0.333333333,0.037813844,0.010600902,0.189454825,0.155284219,0.208436077
5368,CCOC(=O)C1=C[C@]2(CC)CCCN3CCc4c(n1c1ccccc41)[C@@H]32,0,0.965433523,0.368892984,0.317273796,0.344786738,0.333333333,0.021853904,0.026669759,0.404449824,0.457152459,0.10906065
5370,CCOc1ccc2c3c1O[C@H]1[C@@H](O)C=C[C@H]4[C@@H](C2)N(C)CC[C@]314,0,0.968732602,0.355773572,0.334048843,0.381358519,0.333333333,0.020987074,0.044782943,0.357672937,0.395603848,0.115617522
5396,CC(C)(Cl)[N+](=O)[O-],0,0.976740449,0.310116815,0.267521915,0.352673625,0.333333333,0.034347614,0.058282032,0.117471549,0.11015272,0.151356753
5397,O=[N+]([O-])c1cc(C(F)(F)F)ccc1Cl,0,0.961207876,0.312441514,0.245692715,0.322648617,0.333333333,0.040374534,0.061746147,0.246278184,0.192586784,0.234918554
5398,CC1=C(O)C(=O)CO1,0,0.98937702,0.343691768,0.306121691,0.36087894,0.333333333,0.044621742,0.009355081,0.106132145,0.106754789,0.129888601
5399,C=CC(=C)CCCC(C)(C)OC(C)=O,0,0.982483484,0.321756205,0.327963261,0.414277605,0.333333333,0.029383965,0.015407479,0.209856084,0.279626103,0.05894103
5400,C=CC(C)(O)CC/C=C(\C)CC,0,0.986393655,0.317646501,0.374801114,0.477654686,0.333333333,0.020993497,0.022674754,0.174494022,0.245721469,0.045056109
5402,CC(C)C1CCC(O)CC1,0,0.989059709,0.269196861,0.544023407,0.746654483,0.333333333,0.018169928,0.021225913,0.141632089,0.196768854,0.04911276
5403,COc1cc(Cl)c(OC)cc1Cl,0,0.9560355,0.336894349,0.297057283,0.357657363,0.333333333,0.021605989,1.16E-05,0.222290386,0.208182418,0.166334737
5404,CC(C)CC=C(C=O)c1ccccc1,0,0.983846683,0.333905763,0.299680572,0.364492482,0.333333333,0.013072741,0.035971166,0.199717689,0.254346987,0.071182898
5405,Clc1cccc2ccccc12,0,0.974592982,0.339749303,0.279742448,0.332637446,0.333333333,0.009095196,0.041259806,0.166753645,0.169660082,0.134705335
5406,CCC(Cl)[N+](=O)[O-],0,0.976740657,0.307864867,0.269037084,0.357247737,0.333333333,0.026249647,0.051904437,0.117471549,0.109729535,0.152439662
5422,CC(CCO)CCc1ccccc1,0,0.985118418,0.325139977,0.33784723,0.422588439,0.333333333,0.015079038,0.025082579,0.187105856,0.248708662,0.059703444
5435,O=C1NC(=O)c2cc([N+](=O)[O-])ccc21,0,0.979106201,0.314642002,0.233750462,0.305116467,0.333333333,0.062217713,0.041705683,0.204640213,0.184011053,0.178469715
5436,O=C1OC(=O)c2cc([N+](=O)[O-])ccc21,0,0.97842003,0.308995251,0.225927283,0.302074154,0.333333333,0.050399656,0.031248597,0.205883183,0.179293778,0.189695015
5558,CN(C)C/C=C(/c1ccc(Br)cc1)c1cccnc1,0,0.889270741,0.341202024,0.295843921,0.351011542,0.333333333,0.012569059,0.033233965,0.361323114,0.350970215,0.160799934
5563,O=C(O)c1cc(O)c(O)c(O)c1,0,0.98155787,0.342901862,0.294048754,0.346745433,0.333333333,0.073905418,0.032542318,0.176856268,0.165776732,0.161354189
5564,Cc1ccc(C)c(OCCCC(C)(C)C(=O)O)c1,0,0.975901172,0.350049724,0.33904376,0.394412799,0.333333333,0.028560919,0.009131522,0.278080079,0.344298819,0.079609235
5566,CC(=O)OC/C=C(\C)CCC=C(C)C,0,0.982483264,0.314720516,0.364484611,0.468258526,0.333333333,0.027274583,0.007229118,0.209856084,0.280497368,0.058110459
5567,C=C1C[C@]23C[C@@]1(O)CC[C@H]2[C@@]12C=C[C@H](O)[C@@](C)(C(=O)O1)[C@H]2[C@@H]3C(=O)O,0,0.962856306,0.291257904,0.344380859,0.471102814,0.333333333,0.037993619,0.056176802,0.399324185,0.415555804,0.137076462
5568,BrCCCCBr,0,0.819574626,0.293583242,0.404527707,0.543432913,0.333333333,0.014385922,0.005950107,0.232280898,0.133539947,0.361377537
5569,OC[C@H]1O[C@H](O[C@H]2O[C@H](CO)[C@@H](O)[C@H](O)[C@H]2O)[C@H](O)[C@@H](O)[C@@H]1O,0,0.959084445,0.28697007,0.482351187,0.648480709,0.333333333,0.055051468,0.066998652,0.394239426,0.389417871,0.15562638
5570,O=C(Cc1ccccc1)OCCc1ccccc1,0,0.977306721,0.321344963,0.332049417,0.419869433,0.333333333,0.020098902,0.01171594,0.265395595,0.311576615,0.095324103
5571,CC(=O)CCc1ccc(O)cc1,0,0.98527624,0.344116786,0.334622474,0.395958985,0.333333333,0.027146973,0.040364115,0.169355884,0.201399002,0.089635687
5572,CC(C)CCCC(C)CCO,0,0.987664027,0.260308584,0.55178528,0.766932709,0.333333333,0.017163459,0.022699808,0.161882189,0.240655689,0.032156144
5573,NNC(=O)CCCCC(=O)NN,0,0.982940298,0.290110106,0.351759765,0.481683292,0.333333333,0.062021403,0.002865509,0.182022786,0.211642582,0.096344645
5574,O=C1CCCC(=O)O1,0,0.989375461,0.269829419,0.333700784,0.483290751,0.333333333,0.057856974,0.06540112,0.106132145,0.106630322,0.130196292
5575,CCCCCCCCCC(=O)OCC,0,0.9823978,0.276555244,0.368816901,0.51912595,0.333333333,0.022372066,0.013228329,0.214948262,0.299540719,0.047084192
5582,O=S(=O)([O-])OOS(=O)(=O)[O-],0,0.955496973,0.603051421,0.596326991,0.41431183,0.2,0.358476802,3.58E-05,0.204496659,0.126930784,0.318717171
5584,CCCNCCC,0,0.993773068,0.304808446,0.560609119,0.724947083,0.333333333,0.020887658,0.020374074,0.089823175,0.144281394,0.020009995
5632,Clc1ccccc1Cl,0,0.96393724,0.296096192,0.298165001,0.407634555,0.333333333,0.011251021,0.064934276,0.146474085,0.127528223,0.179826033
5633,Clc1ccc(Cl)cc1,0,0.963937087,0.299171271,0.295680799,0.400870081,0.333333333,0.013631024,1.76E-07,0.146474085,0.127702476,0.179397388
5635,ClCCCl,0,0.969194547,0.232590766,0.3757733,0.580177204,0.333333333,0.023625532,0.055951431,0.085842397,0.069215738,0.180535683
5636,Oc1ccc(Cl)cc1Cl,0,0.961341984,0.316325979,0.296832648,0.381875567,0.333333333,0.031097078,0.023119472,0.166678225,0.141020375,0.193265776
5637,CCCCOC(=O)CCC(=O)OCCCC,0,0.977248793,0.27420028,0.362616357,0.51418887,0.333333333,0.033554434,0.001678375,0.252810451,0.318185778,0.074725633
5638,c1ccc2c(c1)oc1ccccc12,0,0.985323158,0.346636354,0.293301556,0.341364377,0.333333333,0.013079708,0.013154772,0.174375411,0.185566882,0.121819545
5639,NCCN1CCNCC1,0,0.989996339,0.31581351,0.524871635,0.66721704,0.333333333,0.032652679,0.043724686,0.125199426,0.16408399,0.063631834
5640,CCC(=O)[O-],0,0.99462721,0.588960205,0.627263444,0.469723144,0.266666667,0.092194944,0.065364873,0.054339117,0.062768381,0.08827476
5641,CCN(CC)C(=O)c1cccc(C)c1,0,0.983250276,0.321736623,0.310433198,0.39241277,0.333333333,0.024880852,0.033439422,0.203520937,0.258977136,0.071424911
5643,COCCCN,0,0.993890012,0.281442377,0.542894727,0.730659751,0.333333333,0.031376686,0.017181169,0.074619292,0.105647038,0.047755187
5644,CC1(C)C(C=C(Cl)Cl)C1C(=O)OCc1cccc(Oc2ccccc2)c1,0,0.936106783,0.34289999,0.31563145,0.373695967,0.333333333,0.023093163,0.04275197,0.454824048,0.480614366,0.132585375
5645,COc1nc(C)nc(NC(=O)NS(=O)(=O)c2ccccc2OCCCl)n1,0,0.932922977,0.317295999,0.287246661,0.368751059,0.333333333,0.090792994,0.087970516,0.468689906,0.452733903,0.165658017
5646,CC(C)N(C(=O)SCC(Cl)=C(Cl)Cl)C(C)C,0,0.924154862,0.314418405,0.304696551,0.393966574,0.333333333,0.031644434,0.062346432,0.344831682,0.341660132,0.153111907
5666,C[Sn](Cl)(Cl)Cl,0,0.742236453,0.233371362,0.289174628,0.471119738,0.333333333,0.569095224,0.052230102,0.265038379,0.131996565,0.442041327
5667,C=CCS(=O)(=O)[O-],0,0.978225081,0.528971419,0.471398701,0.346561096,0.277777778,0.137640602,0.08809225,0.114929104,0.102921225,0.163718335
5669,CC(C)CCOCc1ccccc1,0,0.985117976,0.317988824,0.332681781,0.424656455,0.333333333,0.012804485,0.01775556,0.187105856,0.24816101,0.060283691
5675,CCCCCCC1CCOC1=O,0,0.985149671,0.282909346,0.365832098,0.507830827,0.333333333,0.022717446,0.052047492,0.17699415,0.230598808,0.065020247
5677,CCC(C)(C)C1CCC(=O)CC1,0,0.986390175,0.294048148,0.360655178,0.488099623,0.333333333,0.018716095,0.034536642,0.174494022,0.237593817,0.053569709
5678,O=P([O-])(O)OP(=O)([O-])O,0,0.961991177,0.671040775,0.710611778,0.476027494,0.212121212,0.754158474,0.03779299,0.184316559,0.128847566,0.265259151
5679,C=CCCCCCCCCOC(C)=O,0,0.982440958,0.288653952,0.365570544,0.500661932,0.333333333,0.023059398,0.013551299,0.212402173,0.290516909,0.05199149
5680,Cc1ccccc1C#N,0,0.991309611,0.307246799,0.291203154,0.385660619,0.333333333,0.014765302,0.055761144,0.109954664,0.132942509,0.08325589
5681,CCCCCCCCCOC(C)=O,0,0.983753589,0.271106538,0.366755329,0.52304173,0.333333333,0.02363161,0.018119477,0.19724425,0.271971423,0.05005131
5795,CCCC[n+]1ccccc1C,0,0.988498931,0.139398045,0.119144028,0.37074858,0.358024691,0.020250282,0.064005963,0.151727908,0.206738608,0.05370731
5797,CCCCN(CC)C(=O)SCCC,0,0.971977701,0.33006121,0.382062112,0.47193384,0.333333333,0.0251265,0.025483547,0.218683117,0.282849782,0.066978891
5798,CC(C)NCC(O)COc1cccc2ccccc12,0,0.975314792,0.359473565,0.296063995,0.329523365,0.333333333,0.022731325,0.041439435,0.289448943,0.346788146,0.089479911
5799,CC(CN1CC(=O)NC(=O)C1)N1CC(=O)NC(=O)C1,0,0.971133362,0.316108896,0.328929592,0.422210601,0.333333333,0.065139299,0.009403749,0.300766765,0.316132084,0.131339293
5800,Cc1ncc([C@@H](CCCCCCc2ccc3c(n2)NCCC3)CC(=O)O)cn1,0,0.961574314,0.349353397,0.305789075,0.353720151,0.333333333,0.031133687,0.06436103,0.444918253,0.526841168,0.094279451
5802,CCCCc1ccc2c(n1)[C@@H](c1ccc(OC)cc1C[C@H](C)C(=O)[O-])[C@H](C(=O)[O-])[C@H]2c1ccc2c(c1)OCO2,0,0.942425847,0.611628633,0.463957724,0.238818444,0.314285714,0.036037028,0.294466814,0.630568917,0.688510511,0.122635663
5807,CN(C)C(=O)NC1(c2ccccc2)CCN(CC[C@@]2(c3ccc(F)c(F)c3)CN(C(=O)c3ccccc3)CCO2)CC1,0,0.937465942,0.329711034,0.301142859,0.371314584,0.333333333,0.026844195,0.067040726,0.690039945,0.763352128,0.118351164
5808,Cc1cccc(C)c1NC1=NCCCS1,0,0.970158827,0.344401418,0.339013799,0.401103004,0.333333333,0.027978514,0.035833411,0.240117726,0.277223903,0.099926213
5809,CN1[C@H]2CC[C@@H]1C[C@H](OC(=O)C(CO)c1ccccc1)C2,0,0.971362086,0.32122113,0.330877059,0.418553115,0.333333333,0.026183424,0.018245228,0.327357093,0.381887657,0.098085374
5880,CCC(C)N,0,0.996484705,0.285400775,0.567015671,0.756062541,0.333333333,0.033660201,0.025226937,0.054415153,0.091582341,0.018172971
5883,O=C(NCCO[N+](=O)[O-])c1cccnc1,0,0.977116302,0.293337663,0.272285416,0.378606767,0.333333333,0.042416035,0.024332238,0.228693561,0.22973999,0.143320994
5885,CCOc1ccccc1O[C@H](c1ccccc1)[C@H]1CNCCO1,0,0.96873478,0.338051171,0.330636662,0.398206939,0.333333333,0.019772934,0.018676197,0.357672937,0.413925295,0.100941493
5886,COC(C)(C)OC,0,0.991847804,0.281467312,0.524977284,0.708258207,0.333333333,0.032560855,0.029573716,0.093566273,0.124665497,0.060056875
5887,CC(CO)(CO)CO,0,0.989253649,0.282891324,0.52722162,0.70936438,0.333333333,0.040372716,0.056878202,0.113770412,0.138468815,0.081766346
5891,CN(C)c1nc(N(C)C)nc(N(C)C)n1,0,0.980324198,0.336959631,0.325477561,0.393065365,0.333333333,0.05467144,0.009700865,0.227556703,0.277784001,0.083293048
5893,CCC[N+](=O)[O-],0,0.9926957,0.32393934,0.288920304,0.362927995,0.333333333,0.024010977,0.054140724,0.074573332,0.087014426,0.089074459
5894,CC(C)[N+](=O)[O-],0,0.99269557,0.325945131,0.291875653,0.364228996,0.333333333,0.02859606,0.055952105,0.074573332,0.087138892,0.08876004
5895,O=C(O)CC[N+](=O)[O-],0,0.987547057,0.316363178,0.281876008,0.363156293,0.333333333,0.062069898,0.05537688,0.112435521,0.105535019,0.149917624
5917,CCCCN(CC)c1c([N+](=O)[O-])cc(C(F)(F)F)cc1[N+](=O)[O-],0,0.960066099,0.314699432,0.246462411,0.320920292,0.333333333,0.031700238,0.009733663,0.385388563,0.382584668,0.153579509
5921,CC(C)(c1ccc(O)cc1)c1ccc(O)cc1,0,0.978621598,0.351522883,0.333186664,0.38534493,0.333333333,0.023273233,0.008258716,0.250237673,0.291388173,0.097545591
5922,CCCCCCCC/C=C\CCCCCCCC(=O)OCCOC(=O)CCCCCCC/C=C\CCCCCCCC,0,0.942083059,0.304942053,0.366408051,0.48230713,0.333333333,0.017214089,0.019058876,0.708022563,0.970040949,0.049926201
5926,Oc1c(I)cc(I)c2cccnc12,0,0.503948556,0.356046538,0.264280084,0.293919632,0.333333333,0.02947843,0.05677713,0.463371989,0.245049351,0.455271976
5929,CC1=C(CC(=O)O)c2cc(F)ccc2/C1=C\c1ccc(S(C)=O)cc1,0,0.952174865,0.355330767,0.261880886,0.291776521,0.333333333,0.039305812,0.062653179,0.411888341,0.43059134,0.135702279
5930,O=S([O-])CNc1ccc(S(=O)(=O)c2ccc(NCS(=O)[O-])cc2)cc1,0,0.924396381,0.573718284,0.487931692,0.313906969,0.299145299,0.102176318,0.050272166,0.469884012,0.438793672,0.178705722
5932,O=C1OC(c2ccc(O)c(S(=O)(=O)[O-])c2)(c2ccc(O)c(S(=O)(=O)[O-])c2)c2c(Br)c(Br)c(Br)c(Br)c21,0,0.56612463,0.53620374,0.383885276,0.228676909,0.303030303,0.100946024,0.400548648,0.956993745,0.628866236,0.35670636
5934,CCC(Cc1c(I)cc(I)c(N)c1I)C(=O)O,0,0.256834527,0.342983232,0.285768878,0.336310203,0.333333333,0.04063058,0.010676304,0.68310396,0.381613831,0.442774516
5936,CCOC(=O)Oc1c(OC)cc(C(=O)O[C@@H]2C[C@@H]3CN4CCc5c([nH]c6cc(OC)ccc56)[C@H]4C[C@@H]3[C@H](C(=O)OC)[C@H]2OC)cc1OC,0,0.924657463,0.377832028,0.286760175,0.296040053,0.333333333,0.034640243,0.058205455,0.803708777,0.871612959,0.125908619
5937,CNS(=O)(=O)Cc1ccc2[nH]cc(CCN(C)C)c2c1,0,0.960359014,0.355885594,0.314221136,0.356468077,0.333333333,0.053548225,0.069968708,0.334895197,0.372253961,0.113625626
5997,CNC(C)Cc1ccc2c(c1)OCO2,0,0.982009876,0.357278311,0.335731526,0.381667256,0.333333333,0.024694502,0.032275062,0.206021065,0.240780155,0.095527682
5998,CC=Cc1ccc(OC)cc1,0,0.987872105,0.360828855,0.311822846,0.34758571,0.333333333,0.014719109,0.020172134,0.149151744,0.188753221,0.072551121
5999,C/C=C/c1ccc(OC)cc1,0,0.987872105,0.360828996,0.311823159,0.347585933,0.333333333,0.014719153,0.020172205,0.149151744,0.187919296,0.073704322
6000,CCC1(CCC(C)C)C(=O)NC(=O)NC1=O,0,0.977463628,0.291228112,0.321626524,0.442727076,0.333333333,0.059407702,0.015421246,0.247732463,0.288363641,0.097611719
6001,CC[C@@H](N)CO,0,0.99389019,0.282376978,0.536187739,0.721172169,0.333333333,0.039329914,0.040751486,0.074619292,0.105410552,0.048218795
6002,OC[C@@H](O)[C@H]1O[C@@H]2O[C@H](C(Cl)(Cl)Cl)O[C@@H]2[C@H]1O,0,0.929615745,0.267109253,0.308226999,0.454723955,0.333333333,0.047785319,0.058598243,0.351097339,0.296180128,0.214466778
6003,CC=C(CC)C(=O)NC(N)=O,0,0.985443221,0.301102393,0.319539595,0.428360211,0.333333333,0.070743319,0.066857457,0.159258368,0.187433877,0.092195347
6006,c1ccc(OCC2CO2)cc1,0,0.986632986,0.337959674,0.33279069,0.401005453,0.333333333,0.016824936,0.015856622,0.151651873,0.174240444,0.098516254
6008,CNC[C@H](O)c1cccc(O)c1,0,0.984681865,0.34242255,0.334346892,0.397632872,0.333333333,0.034744349,0.036637116,0.173159132,0.203925669,0.092459671
6009,CC(O)CN(CC(C)O)CC(C)O,0,0.981921588,0.301659145,0.504666209,0.658847459,0.333333333,0.033401538,0.053059992,0.203547626,0.259599467,0.070802395
6010,NC(Cc1c[nH]c2ccccc12)C(=O)O,0,0.980184347,0.358462297,0.319555617,0.360059674,0.333333333,0.048473322,0.043343449,0.219890057,0.239572831,0.117028996
6011,N[C@@H](Cc1c[nH]c2ccccc12)C(=O)O,0,0.980184462,0.365758866,0.32729096,0.361027242,0.333333333,0.047778826,0.034303672,0.219890057,0.239821764,0.116708266
6014,Nc1cc(S(=O)(=O)O)ccc1S(=O)(=O)O,0,0.950753739,0.322569668,0.266752656,0.336880712,0.333333333,0.159595102,0.046878884,0.28163535,0.23502981,0.213600151
6015,COc1ccc(N)c([N+](=O)[O-])c1,0,0.982934314,0.34722573,0.255263082,0.293167275,0.333333333,0.043016171,0.044343152,0.17437033,0.176854237,0.136347049
6016,CC(C)=CCCC(C)C=O,0,0.98910406,0.308401204,0.354808132,0.463703246,0.333333333,0.017476611,0.030388089,0.139086,0.1967813,0.04477964
6018,C=CCOC(=O)CCC1CCCCC1,0,0.982481346,0.279632849,0.366666254,0.512774947,0.333333333,0.021586265,0.013088915,0.209856084,0.272270142,0.066132884
6019,Cc1cn([C@H]2C=C[C@@H](CO)O2)c(=O)[nH]c1=O,0,0.976308479,0.342519954,0.324895765,0.385716112,0.333333333,0.065814429,0.085521983,0.245140413,0.248273029,0.141546346
6020,CC(C)CCOC(=O)CC(C)C,0,0.985109396,0.279473659,0.367110996,0.513519864,0.333333333,0.026591713,0.015027177,0.179540239,0.245410303,0.052518441
6021,CC1=CC[C@H](CC=O)C1(C)C,0,0.987788599,0.310330933,0.352949554,0.45908414,0.333333333,0.017589854,0.026889995,0.154243922,0.205045866,0.059893033
